{
  "grower": {
    "name": "BMK",
    "email": "emcgregor@upterra.co",
    "farmName": "McArthur Farms",
    "phone": "(808) 298 9021",
    "notes": "10 Liberty ship way, Sausalito, CA 94965"
  },
  "program_type": "REMOTE_ONLY",
  "fields": [
    {
      "id": "field_1765243702299",
      "name": "East/West Corn",
      "acres": 22.5,
      "geometry": {
        "type": "Feature",
        "properties": {},
        "geometry": {
          "type": "Polygon",
          "coordinates": [
            [
              [
                -120.867001,
                37.458202
              ],
              [
                -120.867183,
                37.458338
              ],
              [
                -120.86714,
                37.459368
              ],
              [
                -120.866379,
                37.459402
              ],
              [
                -120.86625,
                37.459965
              ],
              [
                -120.865204,
                37.459962
              ],
              [
                -120.865013,
                37.45995
              ],
              [
                -120.864949,
                37.459918
              ],
              [
                -120.864882,
                37.459954
              ],
              [
                -120.864799,
                37.459935
              ],
              [
                -120.86471,
                37.45993
              ],
              [
                -120.864616,
                37.459965
              ],
              [
                -120.864332,
                37.45996
              ],
              [
                -120.86291,
                37.45995
              ],
              [
                -120.862809,
                37.459918
              ],
              [
                -120.862766,
                37.459869
              ],
              [
                -120.86279,
                37.459781
              ],
              [
                -120.86276,
                37.459241
              ],
              [
                -120.86276,
                37.458227
              ],
              [
                -120.862795,
                37.458178
              ],
              [
                -120.862881,
                37.458161
              ],
              [
                -120.863187,
                37.458151
              ],
              [
                -120.863291,
                37.45817
              ],
              [
                -120.864726,
                37.458163
              ],
              [
                -120.864898,
                37.458165
              ],
              [
                -120.864936,
                37.458223
              ],
              [
                -120.864949,
                37.458263
              ],
              [
                -120.864997,
                37.458225
              ],
              [
                -120.865037,
                37.458187
              ],
              [
                -120.865107,
                37.458182
              ],
              [
                -120.865526,
                37.458174
              ],
              [
                -120.866918,
                37.458176
              ],
              [
                -120.867001,
                37.458202
              ]
            ]
          ]
        }
      },
      "cropProgram": "corn",
      "pestPrograms": [],
      "tier": "basic",
      "annualCost": 157.5
    }
  ]
}