{
  "grower": {
    "name": "Archie McGregor",
    "email": "emcgregor@upterra.co",
    "farmName": "McGegor M&L",
    "phone": "(808) 298 9021",
    "notes": "10 Liberty ship way, Sausalito, CA 94965"
  },
  "program_type": "REMOTE_ONLY",
  "fields": [
    {
      "id": "field_1763683060514",
      "name": "Corn",
      "acres": 22.3,
      "geometry": {
        "type": "Feature",
        "properties": {},
        "geometry": {
          "type": "Polygon",
          "coordinates": [
            [
              [
                -120.867134,
                37.458454
              ],
              [
                -120.86713,
                37.458811
              ],
              [
                -120.867126,
                37.459174
              ],
              [
                -120.867131,
                37.459272
              ],
              [
                -120.867127,
                37.459302
              ],
              [
                -120.867089,
                37.459328
              ],
              [
                -120.867042,
                37.459352
              ],
              [
                -120.866982,
                37.459359
              ],
              [
                -120.866843,
                37.459359
              ],
              [
                -120.866436,
                37.459359
              ],
              [
                -120.866396,
                37.459363
              ],
              [
                -120.866373,
                37.459388
              ],
              [
                -120.866352,
                37.459414
              ],
              [
                -120.86633,
                37.459498
              ],
              [
                -120.866325,
                37.459574
              ],
              [
                -120.866305,
                37.459696
              ],
              [
                -120.866275,
                37.459914
              ],
              [
                -120.866252,
                37.459947
              ],
              [
                -120.866185,
                37.45997
              ],
              [
                -120.866114,
                37.459974
              ],
              [
                -120.865959,
                37.459971
              ],
              [
                -120.865228,
                37.459954
              ],
              [
                -120.865174,
                37.459953
              ],
              [
                -120.865037,
                37.459942
              ],
              [
                -120.864965,
                37.459937
              ],
              [
                -120.864911,
                37.459934
              ],
              [
                -120.86486,
                37.459949
              ],
              [
                -120.864818,
                37.459934
              ],
              [
                -120.864783,
                37.459916
              ],
              [
                -120.864754,
                37.459929
              ],
              [
                -120.864709,
                37.459942
              ],
              [
                -120.864654,
                37.459961
              ],
              [
                -120.864415,
                37.459955
              ],
              [
                -120.863342,
                37.459951
              ],
              [
                -120.862888,
                37.459951
              ],
              [
                -120.862838,
                37.459932
              ],
              [
                -120.862799,
                37.459896
              ],
              [
                -120.862778,
                37.459847
              ],
              [
                -120.86277,
                37.4598
              ],
              [
                -120.86277,
                37.459724
              ],
              [
                -120.862759,
                37.459234
              ],
              [
                -120.862747,
                37.458307
              ],
              [
                -120.862774,
                37.458187
              ],
              [
                -120.86281,
                37.458163
              ],
              [
                -120.862872,
                37.458159
              ],
              [
                -120.862957,
                37.458163
              ],
              [
                -120.863295,
                37.45816
              ],
              [
                -120.864261,
                37.458162
              ],
              [
                -120.864894,
                37.458166
              ],
              [
                -120.864929,
                37.458189
              ],
              [
                -120.864949,
                37.458223
              ],
              [
                -120.864977,
                37.458247
              ],
              [
                -120.864997,
                37.458218
              ],
              [
                -120.865033,
                37.458198
              ],
              [
                -120.86505,
                37.458173
              ],
              [
                -120.865339,
                37.458174
              ],
              [
                -120.865606,
                37.458174
              ],
              [
                -120.865792,
                37.458175
              ],
              [
                -120.86644,
                37.458182
              ],
              [
                -120.866821,
                37.458189
              ],
              [
                -120.866998,
                37.45819
              ],
              [
                -120.867038,
                37.458195
              ],
              [
                -120.86708,
                37.458225
              ],
              [
                -120.8671,
                37.458264
              ],
              [
                -120.867117,
                37.458296
              ],
              [
                -120.867135,
                37.458362
              ],
              [
                -120.867134,
                37.458395
              ],
              [
                -120.867135,
                37.458419
              ],
              [
                -120.867134,
                37.458454
              ]
            ]
          ]
        }
      },
      "cropProgram": "corn",
      "pestPrograms": [],
      "tier": "basic",
      "annualCost": 156.1,
      "notes": "S Walnut Corn"
    },
    {
      "id": "field_1763683227246",
      "name": "Almonds",
      "acres": 34.7,
      "geometry": {
        "type": "Feature",
        "properties": {},
        "geometry": {
          "type": "Polygon",
          "coordinates": [
            [
              [
                -120.88089,
                37.456498
              ],
              [
                -120.8809,
                37.458453
              ],
              [
                -120.8809,
                37.458994
              ],
              [
                -120.876883,
                37.459002
              ],
              [
                -120.876518,
                37.459011
              ],
              [
                -120.876481,
                37.456442
              ],
              [
                -120.880782,
                37.456408
              ],
              [
                -120.880879,
                37.456425
              ],
              [
                -120.88089,
                37.456498
              ]
            ]
          ]
        }
      },
      "cropProgram": "almonds",
      "pestPrograms": [
        "Navel orangeworm"
      ],
      "tier": "premium",
      "annualCost": 242.90000000000003,
      "notes": "Kona's field. Mostly almonds but some dogs running around! Keep the dogs out."
    },
    {
      "id": "field_1765224239166",
      "name": "McAurthur",
      "acres": 1,
      "geometry": {
        "type": "Feature",
        "properties": {},
        "geometry": {
          "type": "Polygon",
          "coordinates": [
            [
              [
                -120.867551,
                37.458553
              ],
              [
                -120.867553,
                37.458728
              ],
              [
                -120.867505,
                37.458759
              ],
              [
                -120.867417,
                37.458757
              ],
              [
                -120.867323,
                37.458753
              ],
              [
                -120.867299,
                37.458706
              ],
              [
                -120.867296,
                37.458415
              ],
              [
                -120.867299,
                37.458116
              ],
              [
                -120.867505,
                37.458114
              ],
              [
                -120.867789,
                37.458112
              ],
              [
                -120.867805,
                37.458297
              ],
              [
                -120.867698,
                37.458295
              ],
              [
                -120.867704,
                37.458374
              ],
              [
                -120.867797,
                37.458374
              ],
              [
                -120.867808,
                37.458568
              ],
              [
                -120.867746,
                37.458566
              ],
              [
                -120.867551,
                37.458553
              ]
            ]
          ]
        }
      },
      "cropProgram": "corn",
      "pestPrograms": [],
      "tier": "basic",
      "annualCost": 7,
      "notes": "Horses, goats and chickens"
    }
  ]
}